{
  "embedding_only": {
    "mrr@10": 0.4115,
    "ndcg@10": 0.5340780345883679,
    "p@10": 0.14200000000000002,
    "unjudged_rate": 0.0
  },
  "hybrid_rrf": {
    "mrr@10": 0.5756349206349206,
    "ndcg@10": 0.6778385311003877,
    "p@10": 0.172,
    "unjudged_rate": 0.0
  },
  "hybrid_base_reranker": {
    "mrr@10": 0.19898412698412699,
    "ndcg@10": 0.4117387563798667,
    "p@10": 0.12,
    "unjudged_rate": 0.0
  },
  "hybrid_finetuned_reranker": {
    "mrr@10": 0.3488174603174603,
    "ndcg@10": 0.5438263794076925,
    "p@10": 0.126,
    "unjudged_rate": 0.0
  }
}