{"ram_used_G":16.953868288,"score_min":0.44140625,"_wandb":{"runtime":1459},"total_hits":1800,"nohit_queries":0,"step":0,"_runtime":1459,"ram_avail_G":8.581513216,"queries":60,"candidate_chunks":11415,"used_pdfs":16,"_step":146,"dropped_by_blacklist":0,"mps_driver_G":4.8271942138671875,"score_percentiles":{"p90":0.7520019531250001,"p95":0.7763671875,"p99":0.8144775390625,"p10":0.52685546875,"p25":0.56005859375,"p50":0.607421875,"p75":0.6822509765625},"score_max":0.837890625,"_timestamp":1.7658920276070888e+09,"mps_current_G":1.9223406314849854,"missing_chunk_files":0}